<?xml version="1.0" encoding="UTF-8"?><metadata>
    <idinfo>
        <citation>
            <citeinfo>
                <origin/>
                <pubdate>20231012</pubdate>
                <title>North American Rail Network (NARN) Rail Lines</title>
                <geoform>vector digital data</geoform>
                <lworkcit>
                    <citeinfo>
                        <origin/>
                        <pubdate>20231027</pubdate>
                        <title>National Transportation Atlas Database</title>
                    </citeinfo>
                </lworkcit>
            </citeinfo>
        </citation>
        <descript>
            <abstract>The North American Rail Network (NARN) Rail Lines dataset was created in 2016 and was updated on October 12, 2023 from the Federal Railroad Administration (FRA) and is part of the U.S. Department of Transportation (USDOT)/Bureau of Transportation Statistics (BTS) National Transportation Atlas Database (NTAD). The NARN Rail Lines dataset is a database that provides ownership, trackage rights, type, passenger, STRACNET, and  geographic reference for North America's railway system at 1:24,000 or better within the United States. The data set covers all 50 States, the District of Columbia, Mexico, and Canada.</abstract>
            <purpose>North American Rail Network (NARN) can be used within the public, the federal government, rail industry, state DOTs, and academia for routing, mapping and analysis.</purpose>
        </descript>
        <timeperd>
            <timeinfo>
                <sngdate>
                    <caldate>20160101</caldate>
                </sngdate>
            </timeinfo>
            <current>compilation date</current>
        </timeperd>
        <status>
            <progress>Complete</progress>
            <update>As needed</update>
        </status>
        <spdom>
            <bounding>
                <westbc>-168.283333</westbc>
                <eastbc>-52.266666999999998</eastbc>
                <northbc>71.433333300000001</northbc>
                <southbc>14.483333</southbc>
            </bounding>
        </spdom>
        <keywords>
            <theme>
                <themekt>ISO 19115 Topic Category</themekt>
                <themekey>transportation</themekey>
            </theme>
            <theme>
                <themekt>NGDA Portfolio Themes</themekt>
                <themekey>NGDA</themekey>
                <themekey>National Geospatial Data Asset</themekey>
                <themekey>Transportation</themekey>
            </theme>
            <theme>
                <themekt>None</themekt>
                <themekey>Rail</themekey>
                <themekey>NTAD</themekey>
                <themekey>National Transportation Atlas Database</themekey>
                <themekey>Transportation</themekey>
                <themekey>Atlas</themekey>
                <themekey>Database</themekey>
                <themekey>NARN</themekey>
                <themekey>Network</themekey>
                <themekey>Lines</themekey>
            </theme>
            <place>
                <placekt>None</placekt>
                <placekey>USA</placekey>
                <placekey>National</placekey>
                <placekey>North America</placekey>
            </place>
        </keywords>
        <accconst>unrestricted</accconst>
        <useconst>NTAD datasets are intended for public usage and are not for sale/resale</useconst>
        <ptcontac>
            <cntinfo>
                <cntorgp>
                    <cntorg>Federal Railroad Administration (FRA)</cntorg>
                    <cntper>Raquel Wright</cntper>
                </cntorgp>
                <cntpos>GIS Program Manager</cntpos>
                <cntaddr>
                    <addrtype>mailing and physical</addrtype>
                    <address>1200 New Jersey Ave. SE</address>
                    <city>Washington</city>
                    <state>DC</state>
                    <postal>20590</postal>
                    <country>United States</country>
                </cntaddr>
                <cntvoice>202-493-6415</cntvoice>
                <cntemail>raquel.wright@dot.gov</cntemail>
            </cntinfo>
        </ptcontac>
        <datacred>Acknowledgment of the Federal Railroad Administration (FRA) and the Bureau of Transportation Statistics (BTS) [distributor].</datacred>
        <native>Version 6.2 (Build 9200) ; Esri ArcGIS 10.8.1.14362</native>
    </idinfo>
    <dataqual>
        <logic>Unknown</logic>
        <complete>Data set is considered complete for the information presented, as described in the abstract. Users are advised to read the rest of the metadata record carefully for additional details.</complete>
        <posacc>
            <horizpa>
                <horizpar>Unknown</horizpar>
            </horizpa>
        </posacc>
        <posacc>
            <vertacc>
                <vertaccr>Unknown</vertaccr>
            </vertacc>
        </posacc>
        <lineage>
            <procstep>
                <procdesc>The North American Rail Network was created using the preexisting FRA network 1:100k, the FRA Automated Track Inspection Program (ATIP) data, and the data provided to NGA by ORNL.  The source data of the spatial features was based on FRA’s ATIP foot by foot coordinates, where it existed, and the NGA/ORNL spatial content.</procdesc>
            </procstep>
        </lineage>
    </dataqual>
    <eainfo>
        <overview>
            <eaover>The North American Rail Network (NARN) Rail Lines dataset was created in 2016 and was updated on October 12, 2023 from the Federal Railroad Administration (FRA) and is part of the U.S. Department of Transportation (USDOT)/Bureau of Transportation Statistics (BTS) National Transportation Atlas Database (NTAD). The NARN Rail Lines dataset is a database that provides ownership, trackage rights, type, passenger, STRACNET, and  geographic reference for North America's railway system at 1:24,000 or better within the United States. The data set covers all 50 States, the District of Columbia, Mexico, and Canada.</eaover>
            <eadetcit>https://doi.org/10.21949/1528950</eadetcit>
        </overview>
    </eainfo>
    <distinfo>
        <distrib>
            <cntinfo>
                <cntorgp>
                    <cntorg>Bureau of Transportation Statistics</cntorg>
                </cntorgp>
                <cntpos>NTAD Program Manager</cntpos>
                <cntaddr>
                    <addrtype>mailing and physical</addrtype>
                    <address>1200 New Jersey Ave. SE</address>
                    <city>Washington</city>
                    <state>DC</state>
                    <postal>20590</postal>
                    <country>US</country>
                </cntaddr>
                <cntvoice>none</cntvoice>
                <cntemail>ntad@dot.gov</cntemail>
            </cntinfo>
        </distrib>
        <distliab>Distribution Liability</distliab>
        <stdorder>
            <digform>
                <digtinfo>
                    <formname>Open Data Catalog</formname>
                    <formvern>1.0</formvern>
                    <formspec>download</formspec>
                    <formcont>An ESRI Geodatabase, ESRI shapefile, or spreadsheet.</formcont>
                    <filedec>ZIP</filedec>
                </digtinfo>
                <digtopt>
                    <onlinopt>
                        <computer>
                            <networka>
                                <networkr>https://doi.org/10.21949/1519415 </networkr>
                            </networka>
                        </computer>
                    </onlinopt>
                </digtopt>
            </digform>
            <fees>None. No fees are applicable for obtaining the dataset.</fees>
        </stdorder>
    </distinfo>
    <distinfo>
        <distrib>
            <cntinfo>
                <cntorgp>
                    <cntorg>Bureau of Transportation Statistics</cntorg>
                </cntorgp>
                <cntpos>NTAD Program Manager</cntpos>
                <cntaddr>
                    <addrtype>mailing and physical</addrtype>
                    <address>1200 New Jersey Ave. SE</address>
                    <city>Washington</city>
                    <state>DC</state>
                    <postal>20590</postal>
                    <country>US</country>
                </cntaddr>
                <cntvoice>none</cntvoice>
                <cntemail>ntad@dot.gov</cntemail>
            </cntinfo>
        </distrib>
        <distliab>Distribution Liability</distliab>
        <stdorder>
            <digform>
                <digtinfo>
                    <formname>AZURE Cloud ArcGIS Server (OGC WMS)</formname>
                    <formvern>1.3.0</formvern>
                    <formspec>https://www.ogc.org/standards/wms</formspec>
                    <formcont>OGC WMS Map Service for visualizing geospatial information</formcont>
                </digtinfo>
                <digtopt>
                    <onlinopt>
                        <computer>
                            <networka>
                                <networkr>https://doi.org/10.21949/1519416  </networkr>
                            </networka>
                        </computer>
                    </onlinopt>
                </digtopt>
            </digform>
            <fees>None. No fees are applicable for obtaining the dataset.</fees>
        </stdorder>
    </distinfo>
    <distinfo>
        <distrib>
            <cntinfo>
                <cntorgp>
                    <cntorg>Bureau of Transportation Statistics</cntorg>
                </cntorgp>
                <cntpos>NTAD Program Manager</cntpos>
                <cntaddr>
                    <addrtype>mailing and physical</addrtype>
                    <address>1200 New Jersey Ave. SE</address>
                    <city>Washington</city>
                    <state>DC</state>
                    <postal>20590</postal>
                    <country>US</country>
                </cntaddr>
                <cntvoice>none</cntvoice>
                <cntemail>ntad@dot.gov</cntemail>
            </cntinfo>
        </distrib>
        <distliab>Distribution Liability</distliab>
        <stdorder>
            <digform>
                <digtinfo>
                    <formname>AZURE Cloud ArcGIS Server (OGC WFS)</formname>
                    <formvern>1.0</formvern>
                    <formspec>https://www.ogc.org/standards/wfs</formspec>
                    <formcont>OGC WFS Map Service for visualizing geospatial information</formcont>
                </digtinfo>
                <digtopt>
                    <onlinopt>
                        <computer>
                            <networka>
                                <networkr>https://doi.org/10.21949/1519417 </networkr>
                            </networka>
                        </computer>
                    </onlinopt>
                </digtopt>
            </digform>
            <fees>None. No fees are applicable for obtaining the dataset.</fees>
        </stdorder>
    </distinfo>
    <distinfo>
        <distrib>
            <cntinfo>
                <cntorgp>
                    <cntorg>Bureau of Transportation Statistics</cntorg>
                </cntorgp>
                <cntpos>NTAD Program Manager</cntpos>
                <cntaddr>
                    <addrtype>mailing and physical</addrtype>
                    <address>1200 New Jersey Ave. SE</address>
                    <city>Washington</city>
                    <state>DC</state>
                    <postal>20590</postal>
                    <country>US</country>
                </cntaddr>
                <cntvoice>none</cntvoice>
                <cntemail>ntad@dot.gov</cntemail>
            </cntinfo>
        </distrib>
        <distliab>Distribution Liability</distliab>
        <stdorder>
            <digform>
                <digtinfo>
                    <formname>AZURE Cloud ArcGIS Server Vector Tile Service</formname>
                    <formvern>1.0</formvern>
                    <formspec>https://www.ogc.org/standards/wmts</formspec>
                    <formcont>Vector Tile Service for visualizing geospatial information</formcont>
                </digtinfo>
                <digtopt>
                    <onlinopt>
                        <computer>
                            <networka>
                                <networkr>https://doi.org/10.21949/1522251</networkr>
                            </networka>
                        </computer>
                    </onlinopt>
                </digtopt>
            </digform>
            <fees>None. No fees are applicable for obtaining the dataset.</fees>
        </stdorder>
    </distinfo>
    <metainfo>
        <metd>20231013</metd>
        <metc>
            <cntinfo>
                <cntorgp>
                    <cntorg>Federal Railroad Administration (FRA)</cntorg>
                    <cntper>Raquel Wright</cntper>
                </cntorgp>
                <cntpos>GIS Program Manager</cntpos>
                <cntaddr>
                    <addrtype>mailing and physical</addrtype>
                    <address>1200 New Jersey Ave. SE</address>
                    <city>Washington</city>
                    <state>DC</state>
                    <postal>20590</postal>
                    <country>United States</country>
                </cntaddr>
                <cntvoice>202-493-6415</cntvoice>
                <cntemail>raquel.wright@dot.gov</cntemail>
            </cntinfo>
        </metc>
        <metstdn>FGDC Content Standard for Digital Geospatial Metadata</metstdn>
        <metstdv>FGDC-STD-001-1998</metstdv>
        <mettc>local time</mettc>
    </metainfo>
</metadata>
