ORISPL,SULFUR_DIST,SULFUR_DIST2,SULFUR_DISTLOW,SULFUR_NET,SULFUR_NET2
3,1.6149416306139754,1.6438210796577928,194.07902468225728,1.6269444722149462,1.6199780581901004
7,1.6233253887689993,1.6909542473809305,85.84541198944822,1.6137106382716233,1.65811271118992
8,1.5870621769402977,1.405881248829832,107.11348051394349,1.6171779295026973,1.5040966648922824
10,1.6085722730276542,1.5013371462430292,160.0966156490372,1.6343008353983797,1.5627079241101585
26,1.5757611170461225,1.3399459216743315,176.50725760822732,1.5873413341994722,1.350207438198805
47,1.6446475301160823,1.4580644353408214,33.219942225704656,1.6763073862666245,1.5550353209258467
50,1.6003058161547214,1.4373614520186437,24.499218940602184,1.5988570050301825,1.2323070289472158
51,1.3981434919038302,0.7822252704705445,15.494440196485463,1.4970678158737005,0.9468887187857934
54,1.5816357205866487,1.4121307935036629,44.06654643878266,1.6324961132757947,1.4319502340042012
56,1.6157016373736295,1.6107540203759023,214.16034036067515,1.6320923657769992,1.613709253510083
59,1.6573535765624343,1.6752059375490183,149.08961651951572,1.6836248192890573,1.6790887544652446
60,1.6695291674093402,1.7456262841345387,175.77988046417514,1.7161606070588256,1.850518360514586
87,1.3394422124238594,0.7891346171547404,24.4856176142971,1.4592418250712267,0.8083082689749294
108,1.5742787997676204,1.511599124845201,277.50963460576975,1.6433209366337849,1.6630209633107536
113,1.3770233253224862,0.7520684841496049,50.40152495895466,1.38401123948397,0.5731315125285215
126,1.4828732529933155,1.2584333422701968,363.5805492809114,1.5710605122131354,1.4994138342137389
127,1.5584962006347443,1.3240233267526087,102.20849315320048,1.5586149040856554,1.1947952636331935
130,1.5539628008799442,1.4285908178217837,218.5781152687843,1.5430715866716762,1.4033631060240421
136,1.5109305677858682,0.8931200888031933,17.163030814320194,1.5490160390460856,1.072579843160537
160,1.48560383840443,1.2669848469401688,372.5651180011139,1.5711879473644828,1.49941747010319
165,1.7167970458095896,1.6428696815683212,32.59091617958115,1.698884419349264,1.3546012493906647
207,1.5657847632088815,1.3691415286784117,89.58174887106338,1.5667822562471558,1.3737915708627872
298,1.4261451563335183,0.9834322778867507,27.70699128884917,1.4590538226616674,0.9935407583825439
384,1.809735604867296,1.9061076800222478,84.57545040489764,1.833002361897549,1.9424532204469251
465,1.3472523997007242,0.7744640166145406,61.210727768990076,1.4337924920989777,0.8575451759789047
468,1.1654458857764554,0.5926541465246284,19.71035386099363,1.331321356624433,0.6564442699323206
469,1.3461321185937145,0.7618945542481015,54.195111806767414,1.4267049803796026,0.8163865720589232
470,1.3890120016895473,0.89709536116761,80.40365438194074,1.475229002240685,0.9948228583665977
477,1.3413996912189907,0.7748686978995443,75.80280686253404,1.4395063869318272,0.9086339139333923
492,1.3682904286968374,0.8507919181241954,65.47520615822343,1.4752948782904598,1.0492024944154124
525,1.1856994801835619,0.5239426938372925,16.493124238481755,1.3074120534508356,0.5236033840828375
527,1.194055274829124,0.6469030280592668,27.624770994738252,1.2568249845099762,0.6819532510725848
564,1.674622055688401,2.30913326635544,79.15603961550363,1.6234272717731986,1.8386009510279846
568,1.5790285385782943,1.5132551170501045,204.99585910276167,1.5790574260354533,1.4669156684834836
593,1.5161045808144662,1.20068589518155,33.970211915105764,1.5260821736994834,1.3169306905962532
594,1.5431880414320658,1.3727367617646833,143.14054599849848,1.567533703229685,1.4260470598918895
602,1.5475098505486704,1.360292034220965,74.52565125907819,1.5358550810155016,1.312051625847022
628,1.587595872286583,1.5944768077679865,114.3215345273301,1.5825265137544067,1.4462261863227455
641,1.6594505911412671,2.2451036232730397,270.8739950690616,1.6525132166977277,1.952070410191028
643,1.6049375570381341,1.6069330403854103,260.8882245922616,1.6160923363293227,1.5942588852274029
645,1.5637391995603047,1.2875979251596275,35.445345875787,1.5638153691232455,1.2597464228759092
646,1.5492101349626042,1.1863875306416618,30.26655074064599,1.5471901019578835,1.1629189672644689
663,1.5237440556125008,1.0128667135492346,31.634176127703345,1.538605188134503,0.983114725426877
667,1.565517547381131,1.3661189683863983,88.72456324665922,1.5666074369452025,1.3724847318327646
676,1.559963459723459,1.2322827372309766,26.552247202686477,1.5714994287015434,1.311243204207258
699,1.5853460582121532,1.5175462344087782,247.99256631071594,1.5969557235554643,1.5365846326078954
700,1.583641170290311,1.509363024028604,175.73539693540638,1.591810879919728,1.5164653712134333
703,1.6245729409867409,1.8110876923406878,122.68153573824667,1.6218177138912764,1.7684962313713695
708,1.600180996511791,1.4999414532203053,83.90593311074792,1.6092740039059528,1.5876193976703044
709,1.5816577679057677,1.5197527668173076,217.15817421867715,1.5915886429547337,1.5294219513421143
710,1.583641170290311,1.509363024028604,175.73539693540638,NA,NA
727,1.5886773881975476,1.5169636624553964,176.58761507490306,1.596623030602835,1.525606833075902
728,1.6050003000381456,1.611564049068108,178.36026377886623,1.5994473937502403,1.5505049057649525
733,1.5734098948471422,1.4918197104173394,261.44562288491403,1.570725359075652,1.4824373166935187
856,1.949652055668221,2.373121275509366,44.812575874504844,1.9618417029351798,2.3357078564888547
859,1.927669675188708,2.192358451972217,45.374020707615905,1.921421424811839,2.232125215724595
861,2.039280459229868,2.723415705193269,113.62968365392359,2.051578342019552,2.8898967406724405
862,1.9483483974027058,2.339319294268884,80.48228353634526,1.8687632002780288,2.0197229502351672
863,1.8895268110779424,2.056874167091888,87.11118604379587,1.8722525498977274,2.0106423617696363
864,1.9996307791925707,2.4431234724147886,68.89399854238582,1.964494008343322,2.427976416542377
867,1.7923793799982712,1.885877828763164,99.86847850599676,1.8198225364445713,1.9061498269246753
874,1.8093662552502336,1.9038116750399094,83.94747957635501,1.83310590488435,1.9422935065398435
876,2.0627840430111926,2.8565144029525404,55.767434706329766,2.0453579403272495,2.8867890258342275
879,1.9409453877279528,2.2532543255271578,38.89196313195232,1.9430804973068074,2.1965028764179038
883,1.785423804321652,1.939994810509572,161.61095046107522,1.8095997149111012,1.9250878533757203
884,1.806258184284707,1.918203584767151,92.83645159936498,1.8182683458212205,1.9334021010541735
886,1.7899159180303899,1.8776281920239561,100.94754963947356,1.819754060325123,1.9108240128672505
887,1.8187187753011165,1.563292217740277,20.721853696933827,1.8752217315080875,1.7004783795243217
889,2.020946369293538,2.607796453610992,147.95294723690114,1.9931348669450502,2.4777207015518936
891,1.9041076281821185,1.5756345103647258,13.828077317823494,1.8005103150746724,1.0181477908337728
892,1.872238370277809,2.0952003528735905,97.96500533641212,1.8430191669536404,1.971634264784125
897,1.6801418546522506,1.4538132055656052,73.08831066600563,1.4502929785938297,1.45000000134359
898,2.012278987487639,2.4244353096999998,132.93598055480308,2.012899560146615,2.4504850586862466
963,2.152511912488879,3.148482463400598,35.390955890092556,2.044547842653909,2.773377230458053
964,2.1490680393032893,3.1429836451456112,35.53248686033752,2.0442166764772383,2.771900297869691
976,1.9581150448524978,2.3075801748557576,62.37384611375867,1.958973227301813,2.3160843849216226
981,1.786592145318388,1.83375779022121,83.37103589333339,1.8116919710806567,1.8515590883093977
983,1.7695653148581536,1.9186360091394126,89.32604395667491,1.778632822934992,1.8517549752259188
984,1.8777091804557924,1.9967662970153526,87.41786509645517,1.8704894299249397,2.011161969988826
988,1.821156556472302,2.28803674738468,120.47534068374148,1.802031419119306,2.02858864254143
990,1.8104843595806108,1.913179529320287,34.02356934435611,1.8111371929511206,1.9290266887875311
991,1.6052351277423278,0.7735267374184871,3.251066488653912,1.6129691454074333,0.7657061349853517
994,1.9643002141449524,2.4348246329161856,42.947127812047356,1.9334898489917502,2.2977045732761425
995,1.7772116622250709,1.7866368585762398,79.31761911042318,1.8055481695952222,1.8543479868269763
996,1.7832393882266893,1.8038032678335576,75.218605535523,1.8085174450184174,1.8355522463931297
997,1.7741839370279802,1.795652367742232,93.74509191635414,1.8029059225867357,1.8574499992649183
1001,1.84961823527712,2.004975343490558,46.51123563736367,1.8943874033838626,2.084632144251091
1004,1.906873877747074,2.1508050759288437,39.10269306331129,1.885205577197343,2.059818661708084
1007,1.8251030969416742,2.1511800491593926,76.59187775901243,1.820059515494823,2.0168655572426872
1008,1.7323960025392895,1.542826676838469,78.46029934286862,1.7633569312111355,1.925221172613747
1010,1.8395306895977386,1.7214704171468573,73.10278461825266,1.8666542530898513,1.7855675527946784
1012,2.005425060934368,2.5057964216918958,99.20341082073378,1.9522396522680192,2.4514013870487137
1043,1.9687626919199364,2.460519726190202,44.41681741534719,1.9365136961629743,2.2943588720142882
1046,1.8150256236124145,2.039985621416185,258.47662163748265,1.8285783267603222,2.0601692117368584
1047,1.7623204294281982,1.8055204886882452,271.84061358736585,1.7824055636313156,1.9314714854215638
1048,1.8604183281635596,2.164771238369225,175.75139079763974,1.8764862698001183,2.194121558620705
1073,1.8634794902873595,2.0502588864689235,237.4012773015883,1.83522935598602,2.0330387743371694
1077,1.8357318783934844,2.214600647929058,279.98198969461083,1.8255452498726057,2.1237211157612914
1081,1.8873012264320552,2.245843431141511,150.60334869758236,1.9112418440463355,2.3124826346756415
1082,1.7668573721336602,2.0296421094032593,277.3091101618033,1.7770277261385488,2.018068515886314
1083,1.8780553217820903,2.5234429768867344,298.29278997242284,1.8724073148174274,2.518332621015178
1091,1.7020991365111064,1.7984417751912196,160.34225909092805,1.713671879342329,1.7461833049794753
1104,1.949654004103264,2.099271506374974,114.9971763032313,1.6801673371531631,1.7397935591530367
1122,1.818232863021795,2.1937859328632046,253.62515467832173,1.8240641488875629,2.2036566192629796
1167,1.925518369491702,2.468925845782109,159.23277700498835,1.9139406663835874,2.5152259231984515
1239,2.0012320664377494,2.829307007841818,27.975363059761005,2.0749484132667644,3.287847272213762
1241,2.1324784357855777,3.380332995758895,168.50724444962526,1.9969870702208117,2.888971357300233
1250,1.9110406101452282,2.5565434707803996,244.41779235454283,1.9135434771652422,2.481545082834151
1252,1.8869049434346647,2.470231222989851,250.53452489187183,1.8979245312439441,2.4373052593059388
1294,1.9443709373209028,2.664537527868875,250.3868857998003,1.9744533838827052,2.6872468520088746
1295,1.9374909739642798,2.624765566014375,257.39242075412653,1.9731999325966223,2.6830081645487387
1353,1.5271390680052446,1.187703861193952,15.269915317714055,1.6361330092926674,1.525612606684955
1355,1.611959199314498,1.6041451340247954,22.08899169891863,1.6526760058643666,1.7759348099522214
1356,1.767088987122271,1.9761697948596675,82.9776427712339,1.7560675445944356,1.7520713647136434
1357,1.9734506015339397,2.5583218480285996,109.09684780585364,2.030396663607728,2.6550457067953426
1361,1.6143554889249043,1.3052170451206389,14.488053865066153,1.6697304123703867,1.5344713936165917
1363,1.7372126940171309,1.5899785043603083,72.77841402718572,1.7026114115952096,1.3527451767937289
1364,1.7367839117624733,1.6487507501875025,59.25092521280878,1.7285542570775532,1.5184591209942966
1374,2.021970748499352,2.6667264044976497,103.78665068756239,2.0329599446112376,2.7499821319272706
1378,1.9335583714953615,2.4870002899481176,96.33958223292791,1.9226641365352202,2.4218690793188458
1379,1.8059952598341757,1.5437912029501657,22.295884395775953,1.8796703348640267,1.7477299041636323
1381,1.9498906251520853,2.4258417573815447,82.78066510536318,1.8209049281666,2.0995944819316428
1382,2.023375751761087,2.5718919032761045,132.37148652559208,1.9887336141041363,2.514590470273719
1384,1.5402376993957023,1.3489031620801828,48.05591221239885,1.3984660847328336,1.1267436847854484
1385,1.5917618593221106,1.4455186400487408,36.627622332610294,1.6413978887180738,1.492074974242122
1393,1.5199117568595855,1.156248787750148,92.62916533765767,1.5480173936753001,1.2308519079341038
1552,1.5451674913463933,1.3480549914773297,73.33619212315887,1.5342706933292196,1.3106305528933813
1553,1.549748494361267,1.3648128575865544,73.64828970845016,1.5288630748303773,1.28203909778174
1554,1.5473334084514871,1.3601222922172078,75.32107148533096,1.5356724908802153,1.3113562671539871
1559,1.5478511191004931,1.3609013920608692,78.30145723170507,1.5361284626875327,1.3130917322954845
1560,1.5501025962978203,1.365630652123263,72.8440582847498,1.5286885570112454,1.281336475764689
1570,1.6254582340245018,1.6227821312535355,58.38288199450747,1.6343279570805571,1.7525173899802537
1571,1.5252465955328145,1.2879177303469516,61.05990278554395,1.5562724215237391,1.3762949428862323
1572,1.5520981282469237,1.2181299602273434,19.851132962049828,1.31857238575581,0.8802240708974564
1573,1.5148409854032558,1.2532222087042646,59.42910354403804,1.5618962089574673,1.3986339311397336
1606,1.5969737570551403,1.5183880833306906,266.01649916656913,1.6079522669748365,1.53400752524725
1613,1.599220502968304,1.5361001658457483,372.89897963801894,1.6065102402177742,1.5393465478142923
1619,1.5988156740944253,1.5347210961609505,368.81991366828294,1.6068701747336085,1.540660056036334
1626,1.606257240773941,1.5570684467207643,409.56814339489546,1.6099387216220797,1.5477952175731868
1695,1.6001795699175854,0.8870978670764099,8.522186943430246,1.5220478289591992,0.8220514928568983
1702,1.7189254364024298,1.696645081325437,112.13770546827122,1.7461584025037156,1.7769249471637099
1710,1.7154184012192113,1.4789816294827838,42.81438899267906,1.7279909863650387,1.3984484231136762
1720,1.7190135016285712,1.6965486436860906,111.6050120442651,1.7461665379121694,1.776794601661341
1723,1.7595451117705887,1.3627803264726552,16.527760101242308,1.7921710958516965,1.5861062081139277
1726,1.7750676237891918,1.8618946650389623,67.810517304695,1.7819647570204162,1.8283892897623926
1731,1.7248910914917095,1.787939948563641,176.19682457246597,1.7371078734169834,1.8116966330662447
1732,1.7579299552303356,1.8851839880134016,142.09221552840364,1.763205351987734,1.8654673668740767
1733,1.7517743068575093,1.3154136248410144,16.303498386460024,1.7969945925779962,1.7299070621870574
1740,1.774053656117791,1.808536928652614,52.308483729695816,1.7833903103729742,1.7837673318865694
1743,1.7645576886298917,1.9000835778529235,127.95380896085778,1.7888846019837839,1.993531539135919
1745,1.7731808499410184,1.7045417563273109,36.68671522040892,1.7819974678141237,1.6398181423331049
1769,1.6837787435511686,1.706755033451304,306.239685926465,1.722236214918769,1.80743708196244
1831,1.7453124068183705,1.7551627672890129,82.21843997198067,1.7608262974711513,1.7839255668948653
1832,1.7452091977566748,1.7503746770938378,80.24875595601603,1.7621117406037996,1.7916733406796526
1888,1.6957224137211961,1.6885658288006544,83.89800204533296,1.7052398498377372,1.6179347792460903
1891,1.6359644325553633,1.5459097405244144,162.7884282383009,1.6686512722423585,1.597680611223543
1893,1.616182042972525,1.452838367828716,144.78066891738212,1.6525700481334564,1.5369336380373828
1897,1.6331259863248904,1.3973755701887558,81.77625244181576,1.6542335870371938,1.3387627054769802
1904,1.6709914715773595,1.5482158308993603,94.24886480934079,1.6937928661929396,1.5826789427012689
1912,1.6704177812100511,1.5672554043243516,111.15480472727533,1.6981459191379262,1.6062135604544538
1915,1.672332252321092,1.583164595802488,121.30232253308694,1.6951384643439196,1.6159654483673416
1927,1.6645309904071275,1.5417856558443153,107.08895578308955,1.6902709480024396,1.5674628605848104
1943,1.5982951667663965,1.4359558355785274,167.22949381719175,1.6546437427273424,1.5572274789120009
2022,1.6468822277342663,1.6038142168960368,106.49397480000427,1.6986300856678247,1.8646549427752486
2049,1.5888919389975817,1.451695428611285,107.1266110339772,1.6138623887282224,1.5647951895083523
2076,2.0928672818051104,3.1237069967858755,61.45473837822509,2.0567072045717767,3.0773017063835506
2079,1.9505634186600929,2.6844856077376935,256.5605593884364,1.9789206064596072,2.697762011171747
2080,2.0643024228804103,3.189345242932141,181.18106921608901,1.95073345235676,2.8934835465436652
2094,1.9636964854021852,2.7349174554707822,265.95200951840206,1.9629499517153979,2.5642292861853093
2098,1.8754072136298658,2.332542841445274,320.9581618911843,1.8790518259009792,2.358950764498337
2103,1.9683011642842851,2.43928916729161,186.00084290661007,1.9490909404286405,2.344282976861418
2104,1.9733127156863983,2.4071218125554643,186.95604397168992,1.9740528585905919,2.3912471022710378
2107,2.005541073544553,2.4790118538130694,130.94257139647033,2.0034370740113094,2.459149170256754
2132,1.9677977241697435,2.784748581688886,254.1846241446081,1.9585173881605586,2.571326574090298
2161,1.8600797566655165,2.23431708139781,141.12832917401045,1.8479930973025365,2.2137548572213044
2167,1.7859921993971768,1.7934686484709856,64.98841412990824,1.832746633841967,2.0513781396916415
2168,2.086333183244037,3.14356562606443,244.0337902053449,1.9009769988108265,1.9316004110980691
2187,1.3024674318843925,0.6829202563344119,74.62071299303541,1.3710994648715866,0.747156702230827
2240,1.7307762534338327,1.9215181163129653,253.91550176162718,1.7480575440219281,1.9221362354946536
2269,1.7664514585935711,2.0303582682306174,280.9369847709457,1.766125559977621,1.9801821539127247
2277,1.755669184076936,2.0746841739017077,268.8037688768701,1.7647714387684006,2.036943156803331
2291,1.7562804626214723,1.9954456920693797,261.0881284809623,1.7697799580921842,1.9930415085533026
2324,1.4316344756714043,1.102091237527811,340.3709003850899,1.5195097932060577,1.3264280308634389
2341,1.4523844180738363,1.1668435121993108,389.3621491141185,1.5584250530688473,1.4323693411247915
2364,1.6106890039301969,1.5687160873727501,389.7788277531075,1.6163006368405368,1.5672516305511601
2367,1.6108885115819527,1.5712170617752548,437.938368053382,1.6153723024873148,1.5662469271295474
2378,1.5526468081865992,1.4042622363655612,122.42984326509605,1.564463606008466,1.4094795847574557
2384,1.5214424398596174,1.2293652460276276,38.75067879921299,1.5249300951725002,1.3170110379781055
2403,1.557862086604259,1.432445603024511,139.2237925643015,1.557980057503431,1.4238057672734754
2408,1.5403365378092142,1.4177355384048775,89.96150272481158,1.5406334084144258,1.4024218627162262
2442,1.2891783552454836,0.7817977940810363,24.746298057112572,0.7650320508914911,0.7699349568995993
2451,1.2968327169427802,0.7758953506938758,34.212568241868695,NA,NA
2480,1.5629043220180519,1.4129910283465525,137.15215111623448,1.5720906560021917,1.4024164815828406
2490,1.553266341216115,1.4009306482260058,132.2047194589739,1.5575044636522184,1.409067801873869
2500,1.5616344969540683,1.4555353121911587,149.66426017000018,1.5633406433169488,1.4702244563631053
2511,1.5670895566853806,1.4595598104912972,176.94239713212977,1.567805477773532,1.4482489929792643
2513,1.5647762405186378,1.4510105392275952,167.78861757692567,1.5681117078082307,1.447842272124898
2514,1.5695347713867527,1.5058637008592617,173.80772847624993,1.5708316311243649,1.4462550293312286
2517,1.5783045681827852,1.4961664680670301,218.85610877122858,1.5796058205278545,1.456669752256202
2526,1.5686810733704328,1.4234038015790875,66.0155490540896,1.59284635323826,1.4715161997417512
2527,1.5578062110260664,0.9353180127956152,13.552500393256594,1.5703608609151531,0.8567739971062965
2535,1.5985179123056683,1.3515163337577385,38.67455333824806,1.6245451087138711,1.5163119174391442
2549,1.703550694163858,1.7596963815183257,153.50094346868127,1.7434268105280792,1.834626260301063
2554,1.7337318323682058,1.8555499893981078,184.37554358428662,1.7774550458004674,1.9605894498991816
2629,1.5675347233094956,1.5590828225523792,137.77468608607458,1.570078930443877,1.4341262299748891
2640,1.6536459026894337,1.601572050258964,71.83745609565659,1.7091814676702788,1.713038787774563
2642,1.6563868545011369,1.6187089626485969,82.24854386788998,1.7090236153575593,1.7195608474079425
2706,1.5127448604699019,1.2443902564676654,44.92570265786742,1.5362529422148532,1.277838698347735
2708,1.464941062871716,1.0618327493403519,17.777567640212748,1.445379203655023,1.0204873835697992
2709,1.4674088586588616,1.1032661446360033,29.451169965052657,1.455188483175192,1.0716509530499612
2712,1.502901229979696,1.2704396978045156,67.2365792433947,1.5133796365808025,1.2801307673970488
2713,1.4244628578922933,0.8462911647142545,8.661093174610581,1.4390288195505336,0.8518525946271895
2716,1.5127565347288185,1.2736809826974487,99.75978590570544,1.4974493313102017,1.2373383009210384
2718,1.475365584699155,1.0350055605832642,17.726138980851818,1.4546567493644436,0.9657038150175613
2720,1.4975685916594093,1.2290222332564351,60.69434280569284,1.4903414092232692,1.2041600133854435
2721,1.5098055713940983,1.2310137623400592,56.83809239918709,1.5248637098508715,1.2557070143446623
2723,1.5080617279200192,1.2949997878657722,97.07049380225186,1.5164914016560638,1.310058712057459
2727,1.4790107740202658,1.0703195508638823,26.440855721862853,1.490881899549313,1.1367523518746392
2732,1.4647903268814093,1.0026462117834067,18.35448590823187,1.47817413160528,1.0464644404760648
2790,1.4540265014472098,0.9617914068725596,44.372740568584284,1.5499271015552005,1.101221926406836
2817,1.2528211811622352,0.7482541791155358,6.920130545676571,1.4547960809415064,0.7995321435897192
2823,1.347682910222,0.8570088189285361,11.108994219939573,1.5404440483310058,1.0459069528820801
2824,1.356761700834374,0.8327581461406836,18.741608739527397,1.3706140034407275,0.8560987199126268
2952,1.6476769413979502,1.3669452727430527,31.228889526742066,1.6152204691345193,1.2878830943777424
2963,1.8045139535782155,2.4373924878050666,40.16793669949644,1.810284043237136,2.502496369863936
3098,1.8482498534214173,2.065495485827677,94.71391899275937,1.881462464579461,2.1108760676226366
3099,1.8987273183017666,2.121713915944849,112.7021576947706,1.9035748239957253,2.0853764209011056
3113,1.5066463474226204,1.2086759918895997,53.121873344318345,1.5251407397183476,1.1973663463893724
3115,1.423814763464985,0.7398682532244942,12.797046347813884,1.4120021590601242,0.6292417135830645
3118,1.7670773634676855,1.9320908376132164,64.01570009340607,1.8038176735411775,1.967425077257484
3121,1.8153202193584272,2.3092463804841437,226.59124098357142,1.8433096786757985,2.2793062619440216
3122,1.7876450839972158,1.9835666886979821,82.07313892927472,1.8050555055209658,2.000678067764014
3130,1.7664695433717272,1.93318335128948,63.944588035680205,1.7957847304974341,1.943105299711312
3131,1.7209470372182156,1.851617526010843,63.310022854046615,1.7309438231835181,1.8468556842624746
3132,1.7422053423734039,1.7123584628026565,145.2001272080566,1.7669393715695092,1.770961753436566
3136,1.8034992102843779,2.0058717488886497,102.28281975887835,1.802862791371561,2.0041383460522995
3138,1.903473969645467,2.1021600524364135,150.03171077312362,1.9123953872973687,2.1431590517675985
3140,1.5104405825336715,1.0793977370334975,19.548030375253333,1.4960614396849383,0.9516826881530401
3148,1.5054591470660137,1.200881874323021,52.65102658947611,1.521965260604481,1.1848563040511764
3149,1.4722780359766319,1.0076794643943972,21.68402094945754,1.5572699185972034,1.286082226937565
3152,1.4560032433437924,0.8951034644260689,9.64306205404552,1.5004523754587669,1.24190493350677
3159,1.4859912275517315,1.1100379193513998,27.514796836772327,1.508014417291721,1.170900166549132
3160,1.5812905042974237,1.7671097947839267,53.90280037452969,1.5731282473340635,1.760299649593997
3161,1.5252055046830384,1.4025848781831975,39.21094720549489,1.5306114843810148,1.4994891568245332
3178,1.8143182264119806,2.0194406284069832,131.52922595110738,1.8463149376035357,2.068666552264539
3179,1.8233302767118296,2.015672693530379,67.0283621271757,1.8363128534411475,2.086756940497413
3181,1.8531655469402522,2.0641931322650127,89.34393368104932,1.8695161262898192,2.0955355488240275
3238,1.5987116882226116,1.5327559184884894,352.10928938923615,1.6015821532647043,1.523166121835901
3251,1.5287343649249132,1.3323927882729603,105.54688536933834,1.5172141664350272,1.3058732824426014
3264,1.550745233615006,1.4234324341937856,108.4236410168955,1.5579162823327077,1.4332068320919398
3280,1.56211483884474,1.4576826542704928,243.175480474149,1.5694045534389263,1.4785722029103345
3287,1.5490350428891764,1.4109964952723189,136.92996840906753,1.5493399014426426,1.4162233041762553
3295,1.568313149574646,1.4875081543305202,224.43358078837028,1.5693298129954625,1.4803873049714134
3297,1.5487329143450945,1.4099426494437783,158.86432935361844,1.549138591227207,1.4136001517001582
3298,1.5586518306330328,1.444601043484195,233.78164178120736,1.5481039300113641,1.4224430098357266
3317,1.5362758129714182,1.3551883899468642,117.14640534756205,1.5379376599665338,1.3783597880042529
3319,1.5553658533617811,1.4332390726221216,224.1827500337922,1.544191014517696,1.4085346279234996
3393,1.7210691094726047,1.8103440453810566,179.03967637052259,1.7514363625623746,1.8748925178423668
3396,1.5480883156490337,1.4241514168588236,75.7964557036303,1.5499178758664485,1.40824331991135
3399,1.799588982276575,2.0189877010203556,128.96069817547922,1.8289166740130502,2.1011836809083047
3403,1.6992142664982437,1.6933953883914103,118.17582076043537,1.7355478348723183,1.6933043719278875
3405,1.491746672199518,1.222923220875213,39.262715033989785,1.53633256102987,1.3161644179324714
3406,1.7518996356400092,1.8214489364063895,93.29475126090487,1.7445559674591877,1.8012917093896732
3407,1.5689911841609059,1.457014075189784,43.236675911828776,1.5565570289639692,1.3753249086313362
3419,1.579627252660451,1.53332843461228,42.67013788274393,1.587532529540849,1.5993334720712853
3470,1.5385835991654844,1.36094535754815,192.47612697095926,1.5597890823061293,1.388812257761795
3497,1.422234012135302,0.8859610516601663,15.10863249162592,1.3038965006091539,0.8077623802380863
3644,1.2380438535666782,0.6285201821458605,26.072140675794028,1.3588758829228516,0.6659839921461587
3648,1.3363382981978718,0.825610282185299,128.95072589885098,1.4421220073638363,0.9717090525685249
3775,1.4138926627493473,0.933245035383545,9.382206084373914,1.4316919865057836,0.868726756213361
3776,1.4398690438550907,1.020278101351623,15.694795409267039,1.4794314712245016,1.063148137709938
3788,1.5176065019453648,1.1045484662416671,20.844075695501857,1.4983810428766526,1.0339135294518056
3796,1.507959608805903,1.2297975481511894,41.167620958652485,1.5091774349767675,1.276479261772896
3797,1.4743042586323056,1.1625578469803375,44.43667366816604,1.4407059236796378,1.0783966920862125
3803,1.4957697175590834,1.2226607066537472,74.28944320371572,1.4999180228354445,1.2584522802200655
3804,1.5201660923632896,1.2109346268964438,33.49896756525148,1.5089770764712829,1.1399931741169325
3809,1.4497127791537145,1.0612346636093448,26.765907791447958,1.4109744637955626,0.9187972036379838
3845,1.2471462156407946,0.7225573351254417,16.823910986341918,1.3980237507258537,0.776644927399731
3935,1.6189520559435024,1.4937299134499507,29.7397205092826,1.6326355871157163,1.4170009852524255
3936,1.522057420189507,1.155484898945764,17.425760154246962,1.5744884881734882,1.1596792456652627
3938,1.8209594417464943,2.3432020932441606,44.442281288318874,1.7746340693030649,1.9886505379065131
3942,1.714640563044279,1.5604287467004312,86.98187123668934,1.73965594206018,1.7341011681775058
3943,1.820266363427838,2.0765037715949894,62.14144277673622,1.84985095557133,2.1607122270759493
3944,1.8550319248142477,2.3880252055592646,36.027164745248335,1.8611852238921476,2.4999556769294493
3945,1.8477580317758504,2.223245283399619,45.91102674282168,1.8532850277793211,2.197713649656119
3946,1.8148136610152554,1.9090726550507333,25.401264984007774,1.802230929825983,1.8176642821366125
3947,2.0267352699693526,2.8806079792893766,30.88344942682704,2.117311629762447,3.2661864906687317
3948,2.018278582640522,2.8464785573386484,29.16683629362361,2.0536921849225305,3.0429628164502542
3954,1.6854168705562422,1.710686537607917,111.41181084914732,1.6600273889198829,1.6600000002329955
3992,1.782043649340937,1.9685599403054246,262.62194983845285,1.7919070638911072,1.958071873941375
4039,1.7677610090370048,1.8753715496285088,145.3398524261493,1.7967077082916714,1.8999801392493525
4040,1.742842522010308,1.7249898881962802,139.5066800583812,1.7814933995682467,1.8042943466229338
4041,1.7677610090370048,1.8753715496285088,145.3398524261493,NA,NA
4042,1.7616793566520024,1.8474179266182982,146.90091297011924,1.7938491499019305,1.8858221839898242
4050,1.722465281971614,1.6138092761836134,134.07890233507143,1.7594843459193594,1.6330355838635353
4054,1.8009477084236973,1.995199444438875,289.931813992247,1.8092919984482971,2.0078474916850504
4057,1.8307562754597817,2.3805747152822487,225.1444651524485,1.8256559068736944,2.101836683702274
4072,1.7128971177435999,1.6911954619857807,203.49627268259079,1.7524408790123673,1.7977454153293722
4078,1.707674450877845,1.697674538459886,278.07195001223306,1.731745209434154,1.7752132954236621
4125,1.719272070890748,1.6798427460555803,149.59430684803027,1.7607028279821801,1.778705200122822
4140,1.7114410378714506,1.6928829821811315,186.15682060917769,1.737887763836088,1.7690471264281806
4143,1.7493832073228022,1.7510813138645034,257.1804355983344,1.7734737899731878,1.890482502005609
4158,1.2638145540763335,0.41448711686107914,26.344379629552403,1.4017200156528475,0.447565884470472
4162,1.2784785561582128,0.7018276489926337,52.156659563203476,1.4440976422855645,0.9016612956803657
4271,1.7116336177108318,1.6935280149039664,186.05678113142488,1.737898918782333,1.7688216259719223
4941,1.3599287675009988,0.9603874901503087,193.8885424733522,1.01,1.01
6002,1.577292084745001,1.328346301884784,115.67894787906032,1.5967834076127623,1.3985961265611713
6004,1.8143953077242636,1.9094587124714526,25.710749291105337,1.802242983396557,1.8162660730041817
6009,1.671169703971536,1.6560391673245085,140.00320843673026,1.683951170503213,1.6657005973993149
6016,1.9477650765590095,2.1271210280645603,25.144046364597266,1.9658802252872165,2.395170346091073
6017,1.9252092221913488,2.1815148650483662,129.30943004726333,1.90394233984558,2.1419017857722547
6018,1.8254072816077853,2.4271392934521847,100.92531516041831,2.100569438282535,2.9808680029716537
6021,1.225318385573008,0.5920880914193833,50.86672907546319,1.3259348153764061,0.49155234046027635
6030,1.3831193951693534,0.8044743402663601,28.844071591724923,1.526764925379428,0.8546580006910541
6034,1.763924746958711,1.8975845558604274,127.59280949751042,1.7621194446637383,1.8654096896171941
6041,1.7145724391562402,1.7488480191121216,65.40732872317619,1.7137133749225708,1.674356961167918
6052,1.604879225136703,1.6019456378366586,176.37350088000977,1.603907746536402,1.5653149503423118
6055,1.5027617637072375,0.8628271505542033,29.35173535850863,1.5309151516245791,0.968227973958926
6061,1.58637458995021,1.3895788332601846,73.31978922703252,1.6298096195081644,1.6267301307669573
6064,1.9315137884205726,2.5983803668872443,259.23274863058555,1.9602827871265651,2.63650220046195
6065,1.890032529947568,2.4184441512856174,290.4272646195334,1.9138202133910058,2.4744493138999673
6068,1.847240458669305,2.3686662112507872,279.76385263129293,1.8761729701108674,2.4254898410395156
6071,1.762415228084697,1.9777193147000314,73.73756757958304,1.760972779181554,1.9608867738320228
6073,1.6011841748435796,1.5480896976685508,146.26364900442715,1.6167555062909462,1.5918380515701755
6076,1.2981860356948418,0.7089227378280385,39.603805306431056,1.2245703219118789,0.5976367238731403
6077,1.477140392278076,0.9047222467647205,54.305324581782294,1.5199554539481714,0.763148343663449
6082,1.6879059517431938,1.7195765889299301,146.07407977909398,1.7325115848919657,1.8260426032155417
6085,1.7651712214842332,1.6025150001222683,42.18132034975904,1.7998539327787175,1.7661228234590087
6090,1.6473220876036416,1.509253720217336,117.8116621214381,1.6867620247876485,1.624254642107244
6094,1.921183772590237,2.031023052862617,116.12642621119804,1.931124267584634,2.0607660281971305
6095,1.638232555857001,1.1756940611878377,34.94348371784428,1.6767838343579635,1.4549787249860355
6096,1.7949505102006582,2.132833293781945,338.8348742125741,1.7761117230156542,2.0238392422284455
6098,1.6160213460360664,1.549429861193228,143.68243674064533,1.675069482488463,1.7720141182465066
6101,1.2026391171054447,0.3514439569100356,14.302508003281003,1.2257099989295661,0.32089405819156913
6106,1.4503477305449664,1.091271553033869,222.14534806321763,1.5041822247201733,1.240744507046135
6113,1.9609598014653953,2.119581740834839,90.73473335838159,1.9088226517347198,1.720820139259864
6124,1.572305698051798,1.4895936458072156,281.38213887168564,1.568691795546959,1.4773632147776654
6136,1.4956448210844406,1.448946662036687,62.088198509891015,1.5425265488822029,1.374627615445453
6137,2.0138098962877167,2.4499219131537258,118.84999332815418,1.96116299265875,2.299350593633169
6138,1.7574034978810174,1.7828131133060459,69.76263016743928,1.7913043168985014,1.7958473913115247
6139,1.473110014630528,0.7913561734137137,21.65159489975143,1.5360982989390812,1.0763656788683504
6146,1.452269757487005,1.047771102243794,24.564593943679807,1.5261669308002244,1.1779953313042582
6147,1.4459131825950133,0.6804253228211545,15.87364391420935,1.41795998038252,0.5795117622981769
6155,1.9560533279966485,2.3754885890674773,163.1009679208627,1.9594800715923681,2.358779442616735
6165,1.2429706456405931,0.609365796122053,35.077506387110304,1.4055279438344097,0.7734749837273
6166,1.9927178298511197,2.45800247813621,89.06755263064457,1.970015446871972,2.4872464187563055
6170,1.7834539703083747,1.9506012919232179,165.75835694476103,1.8066308935423634,1.920030921219741
6177,1.4158822145213819,0.9870734021110265,131.16435205841756,1.5341665732905583,1.143223465462502
6178,1.5560137820451931,1.5003176290205527,267.0023274882096,1.5726062781510586,1.4461583347376847
6179,1.5157357618045917,1.3064634753613404,126.4638073094107,1.544986499139825,1.3266358287252424
6180,1.4239796779861975,1.0112651565298403,16.24476747026869,1.504157718021299,1.1001057222416435
6181,1.5702806657790416,1.7423459522614109,259.07400977313915,1.596094121336437,1.7056529262263802
6183,1.6219080491240632,2.0231950011547917,320.97414540344823,1.6264757884273382,1.8533718335614027
6190,1.496152096553688,0.9853747066628795,51.03968517503758,1.5189259119806382,0.9938019058824114
6193,1.5127403829105281,1.145963917217428,85.58243893116021,1.560201641064697,1.2097576251265594
6194,1.4911050375279127,1.0691804213234892,86.64416455546557,1.5496251656285551,1.1613598652001904
6195,1.872088834330109,2.295459330520755,131.3583022527058,1.87125079009408,2.322996891973523
6204,1.3597451940457055,0.7766991015803973,86.40455042379575,1.480865019927119,1.064094577779212
6213,1.9019004770367203,2.102276707713537,72.46701913681397,1.8974580845323885,2.0895456493513245
6248,1.412870814307707,0.9084355197940914,68.16024170404735,1.509728905804911,1.154951437460588
6249,1.5498930500212411,1.4105450036434328,170.1776931513575,1.5435658791324898,1.4040091970465784
6250,1.497974560254122,1.2423188335493696,50.30951014308743,1.514721411933922,1.284404196541238
6254,1.9198990814745995,2.4663009049344566,241.32274430294206,1.8995783996197124,2.402592195350522
6257,1.5847709674839296,1.510103770715111,234.50286240203525,1.6013269551400178,1.5510422007507927
6264,1.8311503318420173,2.4054282038288473,44.39524359116716,1.7745876105125113,1.9884153713038504
6469,1.3569431850593738,0.834871419927207,18.263202396591442,1.3495705919239895,0.8548717348238213
6481,1.3429982653803039,0.8043136572172866,108.25642282984396,1.4639036142161592,1.067477335457013
6639,2.0229952010520975,2.5706194892251664,132.33991393179352,1.9891452287597189,2.515718580239698
6641,1.7426162978704125,1.829696781776667,148.50432957405013,1.7556149847780553,1.8727242607237349
6648,1.4754623557576043,1.2056576535051189,74.05476853547519,1.5177070080585644,1.2213654026047165
6664,1.9488892401185696,2.590390580806849,154.71279968565509,1.9310224945012289,2.640018216366203
6705,2.0059150119350413,2.506320381404481,99.02628432844664,1.9509819671344426,2.4463444918269706
6761,1.3595579778347806,0.8284846892055947,106.09426165145325,1.4536157746715943,0.9587068528584148
6768,1.8114895183226378,1.8179197080923661,57.52471541137676,1.8565508378305582,2.1041549697410886
6772,1.5797616131774763,1.3100161798293446,76.45673000736123,1.5751521741147867,1.1063171793433875
6823,1.973382637553956,2.526573334488757,106.54193979836825,2.037665492441532,2.6345823928750076
7030,1.4370352193475822,1.038593070261138,18.21624810188508,1.4792488615692092,1.0680038094727606
7097,1.570082810906119,1.740058697899126,258.77447556571855,1.5961153832946726,1.706065865215749
7210,1.5608083950675709,1.4541894443925656,209.9199343985038,1.5586347548100534,1.4418527536104395
7213,1.490747005553271,1.187219404000381,36.61326947486192,1.5129737356080832,1.278836951947619
7242,1.574554673164513,1.3599529328388555,37.42333097278884,1.5741188858927102,1.3417542486777387
7343,1.702069461476411,1.7983065712189195,160.25663104032213,1.713671851021757,1.7461840951634358
7790,1.259441141570117,0.6893114433497939,91.64547305235669,0.46,0.46
7902,1.4560269294507642,1.1081985104485168,46.804886165949654,1.492570744754318,1.1228588810879372
8023,1.7602914322745953,1.873816982967484,265.23923784407816,1.7744087725276214,1.90377742337995
8042,1.5054124515053984,1.284884415575634,103.76851503033863,1.5111024437666114,1.289385829002497
8066,1.1712557887563113,0.5501512384367061,12.071343021810597,1.2851063590524492,0.5522155329379247
8069,1.258488494934434,0.6462964690855605,51.71670966430447,1.405654131729525,0.7738864952717014
8219,1.3773565689132397,0.8700993253062066,65.95127268933295,1.4773046232342404,1.0357411008099437
8222,1.2980666038556794,0.7595204559931871,9.891845121072773,1.4485100066496024,0.7943726261839076
8223,1.4280518858273161,1.035863589857098,158.9288957356308,1.5432013186755977,1.2241732939833903
8224,1.4427360259398068,1.1512802723603042,514.7457531577126,1.5221544749969187,1.3275061063671842
8226,1.8430729020022256,2.070761260209558,125.03557668377942,1.8830891881204395,2.109415582369723
8906,1.5628593068080106,1.4675440428038788,152.04219425120877,1.5647954146608087,1.4856744293410211
10017,1.4166178131819531,1.0463840951880157,22.521851773220448,1.3564967387849656,0.9263291386047319
10025,1.655006573442715,1.6090310554360454,75.8368948442814,1.7091917902429667,1.7121356221570356
10043,1.5194459362152757,1.2756353027137548,36.080974553899864,1.5281236183169131,1.4239468229589172
10071,1.489500853235655,1.1988610599014502,63.151231183218194,1.5018919726331028,1.2655129438082995
10075,1.6511920754970804,1.6137125082178896,209.53142134375017,1.6722469329271223,1.6635660613691896
10143,1.7664537395985414,1.9565300319198264,65.79288654187523,1.7969926054945118,1.9778759232774128
10202,1.570895267487526,1.4258006575702828,112.75429781881503,1.5744753425721336,1.4295533105764182
10208,1.6923455925731963,1.700172083399659,225.8076025112223,1.7311386165184248,1.8144340815210047
10333,1.5967364748455617,1.622619467321494,77.21471852348061,1.5531414828029775,1.1715844209913355
10360,1.7140344424440381,1.6932637245483197,201.36004935692634,1.752757890419217,1.7934520522708133
10362,1.6436293855397408,1.374298308054061,33.30118255902862,1.6374976213933454,1.3211453203868362
10377,1.4696095288560185,1.1508872854999572,43.82679316435666,1.4581183974907614,1.124154252093508
10378,1.509563482792671,1.149628421848152,37.964313122182986,1.4781394570885684,0.9204402722801308
10384,1.4630779746253633,1.1024878993265121,22.525567273930033,1.4478004669818862,1.074471609550703
10495,1.6206265857624453,1.6011352939145473,538.2116307294411,1.6208138557523735,1.5900103020538643
10566,1.521689184514604,1.2372452747174842,38.89920453972771,1.5245975816727275,1.317085218513862
10671,1.6485178782474004,1.4836519629723097,117.05983260923824,1.670073019274659,1.5269578106463533
10672,1.5640832949148233,1.3526055690893997,84.47632369850322,1.5661334837557717,1.368936110850963
10675,1.590295872596022,1.5080972496424854,297.59435278847644,1.5917883454699733,1.4903899959656017
10676,1.8997657658809555,1.8766400022764693,119.54574415257835,1.9117936409024647,2.096161687299666
10678,1.6895561512217203,1.729172755812166,50.67494556345684,1.715398589142445,1.7321623702915734
10699,1.6128761358704862,1.532488812725079,169.37546621722382,1.6336901801084927,1.6190951563707803
10849,1.6486899642979054,1.5829993847745196,171.72365936216872,1.6730209674302803,1.6193002259231952
10860,1.8591628766617907,2.161119082096433,176.84246092747534,1.8767185424582977,2.194775649079249
10864,1.8626676581570876,2.0702430391939473,237.97396135069073,1.8388790292490054,2.0289735179378297
10865,1.9983215055272314,2.4695173356809366,69.42382731240437,2.004971577103076,2.4720324441400208
50130,1.8918788819102756,1.8548961150221677,120.77944602588387,1.8859256682577723,2.1383215578016275
50189,1.1459414063988091,0.9353625571503115,0.7671425142820244,0.9497342293309106,0.9350007095320059
50244,1.5235360048818103,1.2898033809254537,41.44956761146886,1.5487652315230584,1.322296165516601
50254,1.4688342223738453,1.1353741994922326,44.510424902417206,1.457946934943019,1.110837870971443
50282,1.6976803468304846,1.7374126480836198,76.52120743160641,1.7175745405650196,1.7275140070341344
50296,1.6540449535971053,1.2762123730796568,18.97202933415714,1.7250409005156722,1.8350135687194327
50397,1.5233265393068725,1.0622607685428744,13.395335305417648,1.542448946471602,1.2550959933000514
50398,1.5735733399124239,1.4920558783235531,257.60396996581375,1.570380425265573,1.4814819729005086
50407,1.6131264979962692,1.6471283000907524,190.16073755605285,1.6238040982889625,1.6283601112149928
50481,1.4702137048831336,1.1524411517570177,21.96478140801142,1.5183608047263466,1.2279951073763058
50491,1.9695709580837752,2.583317202785917,24.278806242324485,2.066567144170415,3.25880258255875
50651,1.6183000772806173,1.5222324219926133,87.14830921459647,1.6521261596227368,1.5731429721507801
50806,1.5320167318264999,1.3471140743289454,134.61926660130163,1.5146416171959836,1.3024410711081285
50888,1.4680731957384994,1.0107515745591356,31.972908771582997,1.4777220161907583,0.9758696329159775
50900,1.2852416208868458,0.7738498022030182,1.6480095837888358,1.1581363334427415,0.7669383129265669
50976,1.5647293360276195,1.2136105659487824,37.546538136438684,1.562033960558274,1.185810694293397
52007,1.4684494453144186,1.076744028794245,17.627821278104715,1.453580589963249,1.0473201094849869
52071,1.4751909912336796,1.2047814982879275,73.70132600711133,1.5176881671963438,1.2213266786568806
52151,1.547486518169288,1.4051866876296826,151.9685686389635,1.5494291279497128,1.4146143265755764
54035,1.4688342223738453,1.1353741994922326,44.510424902417206,NA,NA
54081,1.4763090603323012,1.1634917364271862,41.00313863382775,1.4309347165733919,1.0554599292556337
54091,1.4128860937332102,0.8046016123189076,19.696863199427316,1.4606639605927012,0.8447909971042752
54101,1.5980704882347871,1.5519167177772217,228.50665777091814,1.608854634834526,1.5679267426480092
54104,1.5804405140390767,1.3296006235722695,92.35595350598672,1.587928336261061,1.3110593077941015
54304,1.5119170039397472,1.2381145494174197,61.408218073159105,1.5241096930070148,1.2817128446506356
55076,1.3499991989120186,0.4979207207310821,3.5804810891690675,1.160507042099572,0.47605387663445614
55289,1.2126828565530947,1.0701675912511444,26.73704687773406,1.070340875320774,1.0700000004497745
55360,1.305917265148902,0.6009474995729076,58.883139453341165,1.4430750102525125,0.801329850297718
55527,2.327693507976936,2.5792151081108505,103.87544437111374,2.0991498681284484,2.5574895885543922
55749,1.269403251569132,0.5702027180494572,38.11456178120344,1.3396052608302573,0.5300865872758328
55856,2.0326980698217496,2.594526769027017,147.78090338617406,1.9788880772554034,2.4298354896454937
55975,1.9479325609751357,2.0696881420545816,87.72284633435116,2.0699999999997205,2.07
56068,1.7677235176665915,1.8754094654560025,145.52419100053197,1.7966639299785325,1.9000216912076149
56163,1.3428078974220523,0.844230466994489,146.35028094324647,1.4451837166131811,0.9856802942413097
56221,1.8717721195819652,1.8999879038308942,74.30391936408965,1.8952131107376702,1.8999997621051599
56224,1.4355726652739893,1.127582430193506,461.2005127958457,1.5182449150133328,1.3091102139764024
56456,1.7462447619447794,1.829714464732462,159.16951723784243,1.7748345828795158,1.9187751123511418
56564,1.589441458062815,1.367753680897091,113.10410568588783,1.594387415452462,1.3401205122299316
56596,1.2039487843386567,0.3524811091568278,14.437181453191577,1.2266862983967328,0.3211824204951106
56609,1.223606197005733,0.3769852296028132,17.432698631803067,1.3270769970660965,0.38155303654497114
56611,1.4713702924063756,1.0729609423525588,36.62401555348562,1.538266436623836,1.2459367594053326
56671,1.8293540777381487,2.115771385623823,59.43560559062076,1.851204683839581,2.168725677798733
56786,1.5437318543371372,1.2821857700998527,184.2468095509286,1.6110920306911092,1.442050706276409
56808,1.4373578792809663,1.074926334247079,21.76656649264117,1.4651443879428039,1.0081347700212706
57919,1.5285771224836522,1.3324171265090388,105.82825171944107,1.5304080285240136,1.3558112114530116
