<?xml version="1.0" encoding="UTF-8"?><metadata>
    <idinfo>
        <citation>
            <citeinfo>
                <origin/>
                <title>Marine Highways</title>
                <geoform>vector digital data</geoform>
                <lworkcit>
                    <citeinfo>
                        <origin/>
                        <pubdate>20240209</pubdate>
                        <title>National Transportation Atlas Database</title>
                    </citeinfo>
                </lworkcit>
            </citeinfo>
        </citation>
        <descript>
            <abstract>The Marine Highways dataset was created on June 15, 2016 and was updated on October 31, 2023 by the U.S. Maritime Administration (MARAD) and is part of the U.S. Department of Transportation (USDOT)/Bureau of Transportation Statistics (BTS) National Transportation Atlas Database (NTAD). MARAD's Marine Highway Program is a Maritime Administration led program to expand the use of our Nation's navigable waterways to relieve landside congestion, reduce air emissions, and generate other public benefits by increasing the efficiency of the surface transportation system. This dataset contains the locations of all 28 maritime routes that have been designated as Marine Highways by the Secretary of U.S. DOT. Routes included in this dataset are diagrammatic and may not depict all waterways and port connectors that are considered to be part of the U.S. Marine Highway System.</abstract>
            <purpose>This data provides users with information about the marine highway locations for national and regional analysis applications.</purpose>
        </descript>
        <timeperd>
            <timeinfo>
                <sngdate>
                    <caldate>20160615</caldate>
                </sngdate>
            </timeinfo>
            <current>Unknown</current>
        </timeperd>
        <status>
            <progress>Complete</progress>
            <update>As needed</update>
        </status>
        <spdom>
            <bounding>
                <westbc>-171.5</westbc>
                <eastbc>-67</eastbc>
                <northbc>71.5</northbc>
                <southbc>18.5</southbc>
            </bounding>
        </spdom>
        <keywords>
            <theme>
                <themekt>ISO 19115 Topic Category</themekt>
                <themekey>transportation</themekey>
            </theme>
            <theme>
                <themekt>None</themekt>
                <themekey>Maritime</themekey>
                <themekey>NTAD</themekey>
                <themekey>National Transportation Atlas Database</themekey>
                <themekey>Transportation</themekey>
                <themekey>Atlas</themekey>
                <themekey>Database</themekey>
                <themekey>Marine</themekey>
                <themekey>Shipping</themekey>
            </theme>
            <place>
                <placekt>None</placekt>
                <placekey>USA</placekey>
                <placekey>National</placekey>
            </place>
        </keywords>
        <accconst>None</accconst>
        <useconst>NTAD datasets are intended for public usage and are not for sale/resale</useconst>
        <ptcontac>
            <cntinfo>
                <cntorgp>
                    <cntorg>U.S. Maritime Administration (MARAD)</cntorg>
                    <cntper>Katie Lientz</cntper>
                </cntorgp>
                <cntpos>Economist</cntpos>
                <cntaddr>
                    <addrtype>mailing and physical</addrtype>
                    <address>1200 New Jersey Ave. SE</address>
                    <city>Washington</city>
                    <state>DC</state>
                    <postal>20590</postal>
                    <country>United States</country>
                </cntaddr>
                <cntvoice>202-366-2297</cntvoice>
                <cntemail>Katie.Lientz@dot.gov</cntemail>
            </cntinfo>
        </ptcontac>
        <datacred>Acknowledgment of the U.S. Maritime Administration’s (MARAD) Office of Policy and Plans, and the Office of Marine Highways and Passenger Services, the U.S. Army Corps of Engineers, and the Bureau of Transportation Statistics (BTS) [distributor].</datacred>
        <native>Version 6.2 (Build 9200) ; Esri ArcGIS 10.8.1.14362</native>
    </idinfo>
    <dataqual>
        <logic>Unknown</logic>
        <complete>Data set is considered complete for the information presented, as described in the abstract. Users are advised to read the rest of the metadata record carefully for additional details.</complete>
        <posacc>
            <horizpa>
                <horizpar>Unknown</horizpar>
            </horizpa>
        </posacc>
        <posacc>
            <vertacc>
                <vertaccr>Unknown</vertaccr>
            </vertacc>
        </posacc>
        <lineage>
            <procstep>
                <procdesc>This shapefile is created by identifying segments of the U.S. Army Corps of Engineers’ National Waterway Network that correspond to the individual Marine Highway routes. </procdesc>
                <procdate>20231031</procdate>
                <proctime>140000</proctime>
            </procstep>
        </lineage>
    </dataqual>
    <eainfo>
        <overview>
            <eaover>The Marine Highways dataset was created on June 15, 2016 and was updated on October 31, 2023 by the U.S. Maritime Administration (MARAD) and is part of the U.S. Department of Transportation (USDOT)/Bureau of Transportation Statistics (BTS) National Transportation Atlas Database (NTAD). MARAD's Marine Highway Program is a Maritime Administration led program to expand the use of our Nation's navigable waterways to relieve landside congestion, reduce air emissions, and generate other public benefits by increasing the efficiency of the surface transportation system. This dataset contains the locations of all 28 maritime routes that have been designated as Marine Highways by the Secretary of U.S. DOT. Routes included in this dataset are diagrammatic and may not depict all waterways and port connectors that are considered to be part of the U.S. Marine Highway System.</eaover>
            <eadetcit>https://doi.org/10.21949/1529036</eadetcit>
        </overview>
    </eainfo>
    <distinfo>
        <distrib>
            <cntinfo>
                <cntorgp>
                    <cntorg>Bureau of Transportation Statistics</cntorg>
                </cntorgp>
                <cntpos>NTAD Program Manager</cntpos>
                <cntaddr>
                    <addrtype>mailing and physical</addrtype>
                    <address>1200 New Jersey Ave. SE</address>
                    <city>Washington</city>
                    <state>DC</state>
                    <postal>20590</postal>
                    <country>US</country>
                </cntaddr>
                <cntvoice>none</cntvoice>
                <cntemail>ntad@dot.gov</cntemail>
            </cntinfo>
        </distrib>
        <distliab>See access and use constraints information.</distliab>
        <stdorder>
            <digform>
                <digtinfo>
                    <formname>Open Data Catalog</formname>
                    <formvern>1.0</formvern>
                    <formspec>download</formspec>
                    <formcont>An ESRI Geodatabase, ESRI shapefile, or spreadsheet.</formcont>
                    <filedec>ZIP</filedec>
                </digtinfo>
                <digtopt>
                    <onlinopt>
                        <computer>
                            <networka>
                                <networkr>https://doi.org/10.21949/1522142</networkr>
                            </networka>
                        </computer>
                    </onlinopt>
                </digtopt>
            </digform>
            <fees>None. No fees are applicable for obtaining the dataset.</fees>
        </stdorder>
    </distinfo>
    <distinfo>
        <distrib>
            <cntinfo>
                <cntorgp>
                    <cntorg>Bureau of Transportation Statistics</cntorg>
                </cntorgp>
                <cntpos>NTAD Program Manager</cntpos>
                <cntaddr>
                    <addrtype>mailing and physical</addrtype>
                    <address>1200 New Jersey Ave. SE</address>
                    <city>Washington</city>
                    <state>DC</state>
                    <postal>20590</postal>
                    <country>US</country>
                </cntaddr>
                <cntvoice>none</cntvoice>
                <cntemail>ntad@dot.gov</cntemail>
            </cntinfo>
        </distrib>
        <distliab>See access and use constraints information.</distliab>
        <stdorder>
            <digform>
                <digtinfo>
                    <formname>AZURE Cloud ArcGIS Server (OGC WMS)</formname>
                    <formvern>1.3.0</formvern>
                    <formspec>https://www.ogc.org/standards/wms</formspec>
                    <formcont>OGC WMS Map Service for visualizing geospatial information</formcont>
                </digtinfo>
                <digtopt>
                    <onlinopt>
                        <computer>
                            <networka>
                                <networkr>https://doi.org/10.21949/1522143</networkr>
                            </networka>
                        </computer>
                    </onlinopt>
                </digtopt>
            </digform>
            <fees>None. No fees are applicable for obtaining the dataset.</fees>
        </stdorder>
    </distinfo>
    <distinfo>
        <distrib>
            <cntinfo>
                <cntorgp>
                    <cntorg>Bureau of Transportation Statistics</cntorg>
                </cntorgp>
                <cntpos>NTAD Program Manager</cntpos>
                <cntaddr>
                    <addrtype>mailing and physical</addrtype>
                    <address>1200 New Jersey Ave. SE</address>
                    <city>Washington</city>
                    <state>DC</state>
                    <postal>20590</postal>
                    <country>US</country>
                </cntaddr>
                <cntvoice>none</cntvoice>
                <cntemail>ntad@dot.gov</cntemail>
            </cntinfo>
        </distrib>
        <distliab>See access and use constraints information.</distliab>
        <stdorder>
            <digform>
                <digtinfo>
                    <formname>AZURE Cloud ArcGIS Server (OGC WFS)</formname>
                    <formvern>1.0</formvern>
                    <formspec>https://www.ogc.org/standards/wfs</formspec>
                    <formcont>OGC WFS Map Service for visualizing geospatial information</formcont>
                </digtinfo>
                <digtopt>
                    <onlinopt>
                        <computer>
                            <networka>
                                <networkr>https://doi.org/10.21949/1522144</networkr>
                            </networka>
                        </computer>
                    </onlinopt>
                </digtopt>
            </digform>
            <fees>None. No fees are applicable for obtaining the dataset.</fees>
        </stdorder>
    </distinfo>
    <metainfo>
        <metd>20231102</metd>
        <metc>
            <cntinfo>
                <cntorgp>
                    <cntorg>U.S. Maritime Administration (MARAD)</cntorg>
                    <cntper>Katie Lientz</cntper>
                </cntorgp>
                <cntpos>Economist</cntpos>
                <cntaddr>
                    <addrtype>mailing and physical</addrtype>
                    <address>1200 New Jersey Ave. SE</address>
                    <city>Washington</city>
                    <state>DC</state>
                    <postal>20590</postal>
                    <country>United States</country>
                </cntaddr>
                <cntvoice>202-366-2297</cntvoice>
                <cntemail>Katie.Lientz@dot.gov</cntemail>
            </cntinfo>
        </metc>
        <metstdn>FGDC Content Standard for Digital Geospatial Metadata</metstdn>
        <metstdv>FGDC-STD-001-1998</metstdv>
        <mettc>local time</mettc>
    </metainfo>
</metadata>
